id;nombre;direccion;telefono;email;activo
1;off;hm highly;ack;Benito57@yahoo.com;false
2;gladly sedately;considering suburban pave;tinderbox;Enrique46@hotmail.com;false
3;fairly;bravely disinherit furthermore;mealy uncomfortable ;Clemente6@gmail.com;true
4;outside abseil;wisely highly;wombat tensely till;Mercedes.NietoArreola@hotmail.com;false
5;provided which since;ultimately;gifted until whose;MariaLuisa_ReynaMesa91@gmail.com;false
6;fraudster excited catalog;till memorable;whose amongst smug;Jennifer_SantanaDelgado36@gmail.com;true
7;er;now vice wrong;flu;MiguelAngel_AlarconColon@gmail.com;false
8;tarry;hmph lock;wriggler fall preten;Ana.EspinalCervantes@gmail.com;true
9;pure sans;immediately majority;across;Federico.VillalobosOrdonez@hotmail.com;true
10;deafening;around despite shipper;zowie though properl;David.RiosMares@yahoo.com;true
