id;id_keycloak;cedula;nombre;apellido;telefono;activo
1;impractical orchestrate;quicker;poor;everlasting gosh sandy;toward classic ;true
2;council hm ew;gifted;like;misreport;thankfully furt;false
3;when across;cycle considering;zealous beside concrete;after silently;hold shampoo mo;true
4;beep perfumed;splurge;pepper individual lonely;between consistency;pricey;false
5;apud entwine passionate;cripple;why hm;govern sun;energetically s;false
6;leading straight;supposing soulful;outrageous rawhide;limping overdub;why;false
7;quizzically tuba whose;inasmuch although le;mmm mmm blah;siege vanish round;pigpen hm;false
8;ah whether uniform;frequent hotfoot;before sanity;cease;quash;true
9;gripper;mmm outrageous oppos;er roughly;eek vaguely;round;true
10;what square;briefly;dusk inject;longboat aha equally;boo inborn cons;false
